step,train_loss,train_accuracy,valid_loss,valid_mean_token_accuracy
1,3.2932,0.6,3.08984,0.30952
2,3.64059,0.6,,
3,3.0956,0.66667,,
4,2.80701,0.66667,,
5,3.13194,0.6,,
6,3.40664,0.6,,
7,3.26054,0.63158,,
8,3.47927,0.57143,,
9,3.29138,0.6,,
10,2.87155,0.63158,,
11,3.37612,0.575,,
12,3.30216,0.63158,,
13,2.99325,0.63158,,
14,3.11048,0.57143,,
15,2.93975,0.6,,
16,2.80881,0.6,,
17,3.25274,0.57143,,
18,3.35913,0.6,,
19,3.64408,0.5641,,
20,2.91693,0.6,,
21,2.87123,0.63158,,
22,2.97468,0.57143,,
23,3.06971,0.57143,,
24,3.03369,0.6,,
25,3.03454,0.6,,
26,3.12964,0.57143,,
27,3.25507,0.58537,,
28,3.04737,0.57143,,
29,2.90119,0.575,,
30,2.89754,0.57143,,
31,3.2003,0.57143,,
32,3.0719,0.57143,,
33,2.53424,0.60526,,
34,2.67255,0.6,,
35,2.84905,0.575,,
36,2.9393,0.57143,,
37,2.46076,0.63158,,
38,2.17739,0.63889,,
39,2.23631,0.63158,,
40,2.94742,0.57143,,
41,2.77884,0.6,,
42,2.67421,0.6,,
43,2.81295,0.6,,
44,2.97169,0.54762,,
45,2.34807,0.63158,,
46,3.01278,0.54762,,
47,2.65201,0.6,,
48,2.77029,0.575,,
49,2.68072,0.575,,
50,2.31538,0.60526,,
51,2.26587,0.60526,,
52,3.1142,0.52381,,
53,2.67651,0.6,,
54,2.97803,0.54762,,
55,1.89812,0.66667,,
56,2.29188,0.57895,,
57,2.5601,0.575,,
58,3.05214,0.5,,
59,3.00193,0.57143,,
60,2.53538,0.6,,
61,2.65949,0.6,,
62,2.19608,0.60526,,
63,2.53282,0.6,,
64,2.92527,0.57143,,
65,2.3262,0.63158,,
66,2.62498,0.6,,
67,2.64916,0.6,,
68,2.89592,0.57143,,
69,2.57897,0.6,,
70,2.59515,0.6,,
71,2.93184,0.57143,,
72,2.89016,0.57143,,
73,1.88792,0.69444,,
74,2.87609,0.57143,,
75,2.98167,0.57143,,
76,1.85571,0.66667,,
77,1.9997,0.63889,,
78,2.24239,0.63158,,
79,2.58265,0.6,,
80,2.85265,0.57143,,
81,2.59395,0.6,,
82,2.56819,0.6,,
83,2.92577,0.57143,,
84,1.53307,0.70588,,
85,2.54664,0.6,,
86,2.59868,0.6,,
87,2.91969,0.59524,,
88,2.91345,0.57143,,
89,2.68978,0.6,,
90,2.59661,0.6,,
91,2.36251,0.60526,,
92,2.62805,0.6,,
93,2.30089,0.65789,,
94,2.62996,0.6,,
95,3.04036,0.57143,,
96,2.23593,0.63158,,
97,2.56878,0.6,,
98,2.59615,0.6,,
99,2.88353,0.57143,,
100,2.98419,0.57143,,
101,2.57733,0.6,2.60699,0.3
102,2.65092,0.6,,
103,2.96031,0.57143,,
104,2.83981,0.57143,,
105,2.30421,0.63158,,
106,2.90453,0.57143,,
107,2.31729,0.63158,,
108,1.94005,0.66667,,
109,2.2281,0.63158,,
110,2.98208,0.57143,,
111,2.53564,0.6,,
112,2.59326,0.6,,
113,2.90113,0.57143,,
114,2.52149,0.6,,
115,2.70059,0.625,,
116,3.04621,0.57143,,
117,2.60663,0.6,,
118,2.81757,0.57143,,
119,2.64372,0.6,,
120,2.22769,0.63158,,
121,2.87806,0.57143,,
122,1.9316,0.66667,,
123,2.58048,0.6,,
124,2.56004,0.6,,
125,3.02042,0.57143,,
126,2.56482,0.6,,
127,2.92138,0.57143,,
128,2.90466,0.57143,,
129,2.9008,0.57143,,
130,1.95655,0.66667,,
131,2.82164,0.57143,,
132,2.58955,0.6,,
133,2.26755,0.63158,,
134,2.58091,0.6,,
135,2.27942,0.63158,,
136,2.2416,0.63158,,
137,2.22234,0.63158,,
138,2.94337,0.57143,,
139,2.55115,0.6,,
140,2.94854,0.57143,,
141,2.64671,0.6,,
142,2.57651,0.6,,
143,2.55094,0.6,,
144,3.00568,0.54762,,
145,2.97546,0.57143,,
146,2.57674,0.6,,
147,2.62437,0.6,,
148,2.57929,0.6,,
149,0.94776,0.75,,
150,2.88543,0.57143,,
151,2.57291,0.6,,
152,2.5189,0.6,,
153,2.62134,0.6,,
154,2.20494,0.65789,,
155,2.59075,0.6,,
156,2.58399,0.6,,
157,2.80323,0.57143,,
158,2.64581,0.6,,
159,2.69541,0.6,,
160,3.02314,0.57143,,
161,2.52572,0.6,,
162,2.63401,0.6,,
163,2.22359,0.63158,,
164,2.59509,0.6,,
165,2.66067,0.6,,
166,2.61557,0.6,,
167,2.62504,0.6,,
168,2.53719,0.6,,
169,1.85218,0.66667,,
170,2.2202,0.63158,,
171,2.57074,0.6,,
172,2.23408,0.65789,,
173,1.78444,0.66667,,
174,2.22269,0.63158,,
175,2.64838,0.6,,
176,2.3409,0.65789,,
177,2.91893,0.54762,,
178,3.04698,0.52381,,
179,2.29198,0.63158,,
180,2.65186,0.6,,
181,2.6274,0.625,,
182,2.58522,0.6,,
183,2.18911,0.63158,,
184,1.86202,0.66667,,
185,2.60735,0.6,,
186,2.6162,0.6,,
187,2.6604,0.6,,
188,2.57789,0.625,,
189,2.55501,0.6,,
190,3.0471,0.57143,,
191,1.84033,0.66667,,
192,1.93957,0.66667,,
193,2.90033,0.57143,,
194,2.89621,0.57143,,
195,2.62842,0.6,,
196,2.61325,0.6,,
197,2.92491,0.57143,,
198,1.91835,0.66667,,
199,2.23287,0.63158,,
200,3.01592,0.57143,,
201,2.69338,0.6,2.21451,0.34211
202,2.2145,0.63158,,
203,2.17956,0.63158,,
204,2.91946,0.57143,,
205,1.84811,0.66667,,
206,2.59853,0.6,,
207,2.18745,0.63158,,
208,2.21935,0.63158,,
209,2.93521,0.57143,,
210,2.26821,0.63158,,
211,1.79517,0.66667,,
212,2.19248,0.63158,,
213,3.01996,0.57143,,
214,2.91377,0.57143,,
215,2.6293,0.6,,
216,1.76184,0.66667,,
217,2.61264,0.6,,
218,2.56354,0.6,,
219,3.07962,0.57143,,
220,2.92351,0.57143,,
221,2.24667,0.63158,,
222,1.89846,0.66667,,
223,2.32869,0.63158,,
224,2.2966,0.63158,,
225,2.54437,0.6,,
226,2.60066,0.6,,
227,2.89718,0.57143,,
228,2.97396,0.57143,,
229,2.85954,0.57143,,
230,2.16772,0.63158,,
231,2.19732,0.63158,,
232,2.24724,0.63158,,
233,2.24577,0.63158,,
234,2.55346,0.6,,
235,2.31677,0.63158,,
236,2.20314,0.65789,,
237,2.60294,0.6,,
238,2.56475,0.625,,
239,2.2151,0.63158,,
240,2.18914,0.63158,,
241,2.16057,0.60526,,
242,2.6812,0.525,,
243,2.1801,0.63158,,
244,2.9277,0.52381,,
245,2.97595,0.5,,
246,1.83645,0.66667,,
247,2.93696,0.57143,,
248,3.08583,0.54762,,
249,2.55492,0.6,,
250,2.92721,0.57143,,
251,2.2703,0.63158,,
252,3.01321,0.57143,,
253,2.86914,0.57143,,
254,2.25093,0.63158,,
255,2.59629,0.6,,
256,2.5564,0.6,,
257,2.84322,0.57143,,
258,2.64093,0.6,,
259,2.94301,0.57143,,
260,2.57053,0.6,,
261,2.22869,0.63158,,
262,2.59381,0.6,,
263,2.88666,0.57143,,
264,2.25779,0.63158,,
265,2.58292,0.6,,
266,1.53618,0.70588,,
267,2.578,0.6,,
268,2.252,0.63158,,
269,2.22546,0.63158,,
270,2.14726,0.63158,,
271,2.93234,0.57143,,
272,2.53333,0.6,,
273,1.84936,0.66667,,
274,2.57877,0.6,,
275,2.98419,0.54762,,
276,2.39002,0.63158,,
277,2.9132,0.57143,,
278,2.58985,0.625,,
279,2.26381,0.63158,,
280,2.17055,0.65789,,
281,2.62033,0.575,,
282,1.83986,0.63889,,
283,2.97603,0.54762,,
284,2.15038,0.63158,,
285,2.68979,0.55,,
286,2.93804,0.57143,,
287,2.96103,0.54762,,
288,2.58751,0.6,,
289,2.9374,0.57143,,
290,1.88853,0.66667,,
291,2.2305,0.63158,,
292,2.60702,0.6,,
293,2.64098,0.6,,
294,2.57313,0.6,,
295,2.89223,0.57143,,
296,2.53652,0.6,,
297,2.58996,0.6,,
298,2.17143,0.63158,,
299,2.63247,0.6,,
300,2.21575,0.63158,,
301,2.23518,0.63158,3.03725,0.28571
302,2.61693,0.6,,
303,2.71148,0.6,,
304,2.19328,0.63158,,
305,2.86061,0.57143,,
306,2.57468,0.6,,
307,1.8647,0.66667,,
308,3.01589,0.57143,,
309,2.53466,0.6,,
310,2.58071,0.6,,
311,2.64941,0.6,,
312,1.82367,0.66667,,
313,2.20728,0.63158,,
314,2.64901,0.6,,
315,1.78283,0.66667,,
316,2.29326,0.63158,,
317,2.57314,0.6,,
318,2.95918,0.57143,,
319,2.22681,0.60526,,
320,2.50178,0.625,,
321,1.34709,0.73529,,
322,2.53344,0.625,,
323,2.90397,0.54762,,
324,2.96143,0.57143,,
325,2.88353,0.57143,,
326,2.5676,0.625,,
327,2.16878,0.63158,,
328,2.59219,0.6,,
329,2.59595,0.6,,
330,2.66241,0.6,,
331,2.2844,0.63158,,
332,2.25989,0.63158,,
333,2.54096,0.6,,
334,2.87245,0.54762,,
335,2.96817,0.57143,,
336,2.65482,0.6,,
337,1.8631,0.69444,,
338,2.54444,0.6,,
339,2.58353,0.6,,
340,2.58325,0.6,,
341,2.20542,0.63158,,
342,2.1941,0.63158,,
343,2.60031,0.6,,
344,2.5679,0.6,,
345,2.86372,0.57143,,
346,2.30515,0.63158,,
347,2.61199,0.6,,
348,2.23308,0.60526,,
349,2.25449,0.63158,,
350,1.78623,0.66667,,
351,2.56898,0.625,,
352,2.64403,0.625,,
353,2.92341,0.57143,,
354,2.57859,0.575,,
355,2.7409,0.55,,
356,2.54561,0.625,,
357,2.91025,0.57143,,
358,3.00638,0.54762,,
359,2.53971,0.6,,
360,2.2647,0.63158,,
361,2.90432,0.57143,,
362,2.62007,0.6,,
363,2.25874,0.63158,,
364,1.96223,0.66667,,
365,2.24659,0.63158,,
366,2.62626,0.6,,
367,2.25134,0.63158,,
368,2.85532,0.57143,,
369,2.58599,0.6,,
370,2.13611,0.65789,,
371,2.22361,0.63158,,
372,2.63246,0.6,,
373,2.59744,0.6,,
374,2.22101,0.63158,,
375,2.14034,0.63158,,
376,1.80287,0.66667,,
377,2.58534,0.575,,
378,2.59715,0.575,,
379,2.71665,0.6,,
380,2.97531,0.57143,,
381,2.87704,0.57143,,
382,2.55008,0.575,,
383,2.86265,0.57143,,
384,2.28319,0.63158,,
385,2.60167,0.575,,
386,1.8146,0.66667,,
387,2.94066,0.57143,,
388,2.25252,0.63158,,
389,2.58853,0.6,,
390,2.89744,0.57143,,
391,1.3544,0.70588,,
392,2.60415,0.6,,
393,2.25982,0.63158,,
394,2.62191,0.6,,
395,2.64105,0.6,,
396,2.9472,0.57143,,
397,2.58878,0.6,,
398,2.29161,0.63158,,
399,2.23063,0.63158,,
400,1.82105,0.66667,,
401,2.53174,0.6,2.59327,0.3
402,2.22596,0.63158,,
403,2.57679,0.6,,
404,2.53587,0.6,,
405,2.93787,0.57143,,
406,2.59597,0.6,,
407,2.94718,0.57143,,
408,2.94907,0.57143,,
409,2.89599,0.57143,,
410,2.22342,0.63158,,
411,2.21339,0.63158,,
412,2.16674,0.65789,,
413,2.56919,0.6,,
414,2.18442,0.63158,,
415,2.579,0.625,,
416,2.55895,0.6,,
417,2.54474,0.6,,
418,2.18537,0.63158,,
419,2.62394,0.6,,
420,2.55908,0.6,,
421,2.22062,0.63158,,
422,2.17543,0.63158,,
423,2.99999,0.57143,,
424,2.9687,0.57143,,
425,2.88995,0.57143,,
426,2.20486,0.63158,,
427,2.5855,0.6,,
428,1.81873,0.66667,,
429,2.95366,0.54762,,
430,2.67747,0.6,,
431,2.33595,0.63158,,
432,2.29498,0.60526,,
433,2.80044,0.57143,,
434,2.61545,0.6,,
435,2.50482,0.6,,
436,2.8953,0.57143,,
437,2.1837,0.63158,,
438,2.87928,0.57143,,
439,1.79347,0.69444,,
440,2.5636,0.6,,
441,2.8821,0.57143,,
442,2.19255,0.60526,,
443,2.56926,0.6,,
444,2.24147,0.63158,,
445,2.95734,0.57143,,
446,2.53433,0.6,,
447,2.54365,0.6,,
448,2.60899,0.6,,
449,2.82627,0.57143,,
450,2.54083,0.6,,
451,2.22485,0.63158,,
452,2.60336,0.6,,
453,2.17436,0.63158,,
454,2.89203,0.57143,,
455,2.6281,0.6,,
456,2.149,0.63158,,
457,2.40709,0.63158,,
458,1.81046,0.66667,,
459,2.64841,0.6,,
460,2.89534,0.57143,,
461,2.22334,0.63158,,
462,2.63217,0.6,,
463,3.14771,0.57143,,
464,2.91674,0.57143,,
465,2.20629,0.63158,,
466,2.92273,0.57143,,
467,2.95939,0.57143,,
468,2.56743,0.6,,
469,2.57105,0.6,,
470,2.91939,0.57143,,
471,2.54881,0.6,,
472,2.91612,0.57143,,
473,2.20248,0.63158,,
474,2.60339,0.6,,
475,2.57235,0.6,,
476,2.56579,0.6,,
477,2.26595,0.63158,,
478,2.59186,0.6,,
479,2.85722,0.57143,,
480,2.86444,0.57143,,
481,2.93168,0.57143,,
482,2.21007,0.63158,,
483,1.78015,0.66667,,
484,2.17439,0.63158,,
485,2.9453,0.57143,,
486,2.94943,0.57143,,
487,3.03051,0.57143,,
488,2.17921,0.63158,,
489,2.65718,0.6,,
490,2.3498,0.63158,,
491,3.02041,0.58974,,
492,2.67187,0.625,,
493,2.53709,0.6,,
494,2.27077,0.63158,,
495,2.55365,0.6,,
496,2.56,0.6,,
497,2.17464,0.63158,,
498,2.20882,0.63158,,
499,1.77628,0.66667,,
500,1.84274,0.66667,,
501,2.55411,0.625,2.20217,0.31579
502,2.56171,0.6,,
503,2.27164,0.65789,,
504,2.22667,0.63158,,
505,2.97841,0.54762,,
506,2.90048,0.5,,
507,2.57566,0.6,,
508,2.59081,0.6,,
509,2.58662,0.6,,
510,2.22496,0.63158,,
511,2.92776,0.54762,,
512,2.55616,0.6,,
513,2.29187,0.63158,,
514,2.91481,0.54762,,
515,2.56704,0.6,,
516,2.21936,0.63158,,
517,2.27597,0.63158,,
518,2.9205,0.54762,,
519,2.63749,0.575,,
520,2.92009,0.57143,,
521,2.21042,0.63158,,
522,2.16467,0.63158,,
523,2.93149,0.57143,,
524,2.55268,0.6,,
525,2.17396,0.63158,,
526,2.59178,0.6,,
527,2.25004,0.63158,,
528,2.9527,0.57143,,
529,2.23593,0.63158,,
530,2.53643,0.6,,
531,2.38519,0.63158,,
532,2.18911,0.63158,,
533,2.21042,0.63158,,
534,2.22806,0.63158,,
535,2.55526,0.6,,
536,2.55786,0.6,,
537,2.52305,0.6,,
538,2.21203,0.63158,,
539,2.49838,0.6,,
540,2.57641,0.6,,
541,2.51533,0.6,,
542,2.21055,0.60526,,
543,2.8988,0.54762,,
544,2.22324,0.65789,,
545,2.62413,0.6,,
546,2.92286,0.57143,,
547,2.56713,0.6,,
548,2.5853,0.575,,
549,2.84912,0.57143,,
550,2.51359,0.6,,
551,2.93482,0.57143,,
552,2.60821,0.6,,
553,2.50623,0.6,,
554,2.20447,0.63158,,
555,2.51793,0.625,,
556,2.20487,0.63158,,
557,2.24039,0.63158,,
558,2.89169,0.59524,,
559,2.17179,0.63158,,
560,1.83051,0.66667,,
561,2.97276,0.57143,,
562,2.6587,0.6,,
563,2.92188,0.57143,,
564,2.79251,0.57143,,
565,2.70823,0.6,,
566,2.93324,0.57143,,
567,2.48282,0.6,,
568,2.57997,0.6,,
569,1.83456,0.66667,,
570,2.5612,0.6,,
571,2.52274,0.6,,
572,2.93416,0.57143,,
573,2.61034,0.6,,
574,2.93143,0.57143,,
575,2.59253,0.6,,
576,2.63838,0.6,,
577,1.7734,0.66667,,
578,2.87397,0.57143,,
579,2.87206,0.57143,,
580,1.86098,0.72727,,
581,2.21808,0.63158,,
582,2.89019,0.57143,,
583,2.85544,0.57143,,
584,2.86428,0.57143,,
585,2.87184,0.57143,,
586,2.58235,0.6,,
587,1.78673,0.66667,,
588,2.57041,0.6,,
589,2.23177,0.63158,,
590,2.18858,0.63158,,
591,2.49927,0.6,,
592,2.59976,0.6,,
593,1.86711,0.66667,,
594,2.11082,0.63158,,
595,2.92539,0.57143,,
596,1.82846,0.66667,,
597,2.85737,0.57143,,
598,2.90739,0.57143,,
599,2.61505,0.6,,
600,3.017,0.57143,,
601,2.6102,0.6,2.58631,0.3
602,2.6371,0.625,,
603,2.51331,0.6,,
604,2.87654,0.57143,,
605,2.23018,0.63158,,
606,2.57537,0.6,,
607,2.83687,0.57143,,
608,2.26087,0.63158,,
609,2.53236,0.6,,
610,2.86358,0.57143,,
611,1.32617,0.70588,,
612,2.56782,0.6,,
613,2.84891,0.57143,,
614,2.62368,0.6,,
615,2.82606,0.54762,,
616,2.92266,0.57143,,
617,2.95619,0.57143,,
618,2.60729,0.6,,
619,2.62954,0.6,,
620,2.99217,0.57143,,
621,2.63203,0.6,,
622,2.54871,0.6,,
623,2.19839,0.63158,,
624,2.23844,0.63158,,
625,2.17129,0.63158,,
626,2.56114,0.6,,
627,2.56264,0.6,,
628,2.24508,0.63158,,
629,2.58043,0.6,,
630,2.88704,0.57143,,
631,1.82034,0.66667,,
632,2.64581,0.6,,
633,2.85394,0.57143,,
634,2.20223,0.63158,,
635,2.8883,0.57143,,
636,2.52976,0.6,,
637,2.91811,0.57143,,
638,2.63879,0.6,,
639,2.17439,0.63158,,
640,2.62896,0.6,,
641,2.89553,0.57143,,
642,2.9687,0.57143,,
643,2.6206,0.575,,
644,2.51615,0.6,,
645,2.64654,0.6,,
646,2.20113,0.63158,,
647,2.28503,0.63158,,
648,2.88377,0.57143,,
649,2.58401,0.575,,
650,2.88472,0.57143,,
651,2.60529,0.625,,
652,2.21356,0.65789,,
653,2.18057,0.63158,,
654,2.53666,0.6,,
655,2.54136,0.6,,
656,2.51332,0.6,,
657,2.93766,0.57143,,
658,2.60291,0.6,,
659,2.22879,0.63158,,
660,2.5092,0.625,,
661,1.81922,0.66667,,
662,2.87712,0.57143,,
663,2.65321,0.6,,
664,1.77766,0.66667,,
665,2.5632,0.6,,
666,2.59907,0.6,,
667,2.56603,0.6,,
668,1.30871,0.73529,,
669,2.49697,0.575,,
670,3.07015,0.57143,,
671,2.91227,0.57143,,
672,2.57487,0.6,,
673,2.85405,0.57143,,
674,2.16467,0.63158,,
675,2.85185,0.57143,,
676,2.88093,0.57143,,
677,2.88916,0.57143,,
678,2.58813,0.6,,
679,2.26473,0.63158,,
680,2.72027,0.6,,
681,1.84009,0.66667,,
682,2.92821,0.57143,,
683,2.56047,0.6,,
684,2.66516,0.6,,
685,1.84282,0.66667,,
686,2.15684,0.63158,,
687,2.59387,0.6,,
688,2.58326,0.6,,
689,2.92262,0.57143,,
690,2.65926,0.6,,
691,2.20143,0.63158,,
692,2.84305,0.57143,,
693,2.89996,0.57143,,
694,2.60634,0.6,,
695,2.87493,0.57143,,
696,2.24348,0.63158,,
697,1.31384,0.70588,,
698,2.54565,0.6,,
699,2.86922,0.57143,,
700,2.89918,0.57143,,
701,2.87321,0.57143,1.91247,0.33333
702,2.55426,0.575,,
703,2.53493,0.6,,
704,2.18462,0.63158,,
705,1.82463,0.66667,,
706,2.55246,0.6,,
707,2.6287,0.6,,
708,2.53151,0.6,,
709,2.92856,0.59524,,
710,2.18896,0.63158,,
711,2.22991,0.63158,,
712,2.53085,0.6,,
713,2.91388,0.57143,,
714,2.56263,0.6,,
715,2.29381,0.63158,,
716,2.24019,0.63158,,
717,2.56951,0.6,,
718,2.88563,0.57143,,
719,2.99397,0.57143,,
720,2.94067,0.57143,,
721,2.19889,0.63158,,
722,2.51806,0.6,,
723,2.53048,0.6,,
724,2.85097,0.59524,,
725,2.94195,0.57143,,
726,1.89085,0.66667,,
727,2.55396,0.6,,
728,2.58053,0.6,,
729,2.53177,0.6,,
730,2.4976,0.6,,
731,2.20781,0.63158,,
732,2.60426,0.6,,
733,2.89558,0.57143,,
734,2.55318,0.6,,
735,2.26312,0.63158,,
736,1.84749,0.66667,,
737,2.83748,0.57143,,
738,2.90357,0.57143,,
739,2.33241,0.63158,,
740,2.1863,0.63158,,
741,2.56523,0.6,,
742,2.53858,0.6,,
743,2.56902,0.6,,
744,2.84845,0.57143,,
745,2.88928,0.59524,,
746,2.82745,0.57143,,
747,3.10046,0.57143,,
748,3.00106,0.57143,,
749,2.56603,0.6,,
750,2.89707,0.57143,,
751,2.54966,0.6,,
752,2.34706,0.63158,,
753,2.5305,0.6,,
754,2.30535,0.63158,,
755,2.16702,0.63158,,
756,2.92401,0.57143,,
757,2.19283,0.63158,,
758,0.95614,0.75,,
759,2.54629,0.6,,
760,1.8292,0.66667,,
761,2.17431,0.63158,,
762,2.19177,0.65789,,
763,2.86614,0.57143,,
764,2.20085,0.65789,,
765,2.53369,0.6,,
766,2.71585,0.6,,
767,2.95253,0.57143,,
768,2.55633,0.625,,
769,2.24487,0.63158,,
770,3.03011,0.58974,,
771,2.51483,0.575,,
772,2.96376,0.57143,,
773,2.24958,0.63158,,
774,2.56526,0.575,,
775,2.32759,0.60526,,
776,2.19714,0.63158,,
777,2.60178,0.6,,
778,2.28112,0.60526,,
779,2.94922,0.57143,,
780,1.38873,0.70588,,
781,2.65963,0.6,,
782,2.87577,0.54762,,
783,1.80821,0.66667,,
784,2.94893,0.57143,,
785,2.90197,0.54762,,
786,2.24148,0.63158,,
787,2.52627,0.6,,
788,2.58955,0.6,,
789,2.60477,0.6,,
790,2.52802,0.6,,
791,2.88561,0.57143,,
792,2.24675,0.63158,,
793,2.57283,0.6,,
794,2.9424,0.57143,,
795,2.17008,0.63158,,
796,2.16621,0.63158,,
797,2.57219,0.6,,
798,2.55465,0.6,,
799,2.90904,0.57143,,
800,1.86792,0.66667,,
801,2.49226,0.6,2.92647,0.28571
802,2.86457,0.57143,,
803,2.26169,0.63158,,
804,2.57985,0.6,,
805,2.54744,0.6,,
806,2.5841,0.6,,
807,2.86311,0.57143,,
808,2.83611,0.57143,,
809,2.21223,0.63158,,
810,2.68195,0.6,,
811,2.91002,0.57143,,
812,2.3005,0.63158,,
813,2.19776,0.63158,,
814,2.55408,0.6,,
815,2.23006,0.63158,,
816,2.91887,0.57143,,
817,2.92519,0.57143,,
818,2.84546,0.57143,,
819,2.92739,0.57143,,
820,2.30203,0.63158,,
821,2.23426,0.63158,,
822,2.23132,0.63158,,
823,2.5673,0.6,,
824,2.5472,0.6,,
825,2.23826,0.63158,,
826,2.16038,0.63158,,
827,2.58064,0.6,,
828,2.14429,0.63158,,
829,2.56617,0.6,,
830,2.84649,0.57143,,
831,2.28839,0.63158,,
832,2.57128,0.6,,
833,2.56024,0.625,,
834,2.20686,0.63158,,
835,1.39228,0.73529,,
836,2.19572,0.63158,,
837,2.27375,0.63158,,
838,2.17934,0.63158,,
839,2.91022,0.57143,,
840,2.28787,0.63158,,
841,2.84223,0.54762,,
842,1.7454,0.66667,,
843,2.57445,0.625,,
844,2.53546,0.6,,
845,2.59307,0.575,,
846,2.56371,0.6,,
847,2.64358,0.575,,
848,2.20158,0.63158,,
849,2.63063,0.6,,
850,2.20387,0.63158,,
851,2.56643,0.6,,
852,2.639,0.6,,
853,2.89599,0.57143,,
854,2.87671,0.54762,,
855,2.69782,0.6,,
856,2.55932,0.6,,
857,2.2273,0.63158,,
858,2.92685,0.57143,,
859,2.17517,0.63158,,
860,2.15105,0.65789,,
861,2.20549,0.63158,,
862,2.90057,0.57143,,
863,2.9354,0.57143,,
864,1.72127,0.66667,,
865,2.92445,0.57143,,
866,2.63559,0.6,,
867,2.55657,0.625,,
868,2.17485,0.63158,,
869,2.59315,0.6,,
870,2.55241,0.6,,
871,2.98135,0.57143,,
872,2.96942,0.57143,,
873,2.55355,0.6,,
874,2.85133,0.57143,,
875,2.85574,0.57143,,
876,1.86444,0.66667,,
877,2.90894,0.57143,,
878,2.60074,0.6,,
879,2.6207,0.6,,
880,2.24668,0.63158,,
881,1.89932,0.66667,,
882,2.54749,0.6,,
883,2.42165,0.63158,,
884,2.97244,0.57143,,
885,2.91106,0.57143,,
886,2.58579,0.6,,
887,1.80579,0.66667,,
888,2.88717,0.57143,,
889,2.54266,0.6,,
890,2.99153,0.57143,,
891,2.26162,0.60526,,
892,2.17606,0.63158,,
893,2.62149,0.6,,
894,2.9088,0.57143,,
895,1.76957,0.66667,,
896,2.87559,0.57143,,
897,2.24987,0.63158,,
898,2.1898,0.63158,,
899,2.89634,0.57143,,
900,2.29015,0.63158,,
901,2.55034,0.6,2.85815,0.28571
902,2.91102,0.57143,,
903,2.93728,0.57143,,
904,2.83036,0.61905,,
905,2.92418,0.57143,,
906,2.59186,0.6,,
907,2.54605,0.6,,
908,2.65432,0.6,,
909,2.52108,0.6,,
910,2.2103,0.63158,,
911,2.22814,0.63158,,
912,2.58572,0.6,,
913,2.87481,0.57143,,
914,2.91846,0.57143,,
915,2.55749,0.6,,
916,2.56889,0.6,,
917,2.528,0.6,,
918,2.54606,0.6,,
919,2.13644,0.63158,,
920,2.95691,0.57143,,
921,2.56778,0.6,,
922,2.19369,0.63158,,
923,2.23472,0.63158,,
924,2.88621,0.57143,,
925,2.67526,0.6,,
926,2.20435,0.63158,,
927,2.29145,0.63158,,
928,2.60269,0.6,,
929,2.8922,0.57143,,
930,1.77613,0.66667,,
931,2.88697,0.57143,,
932,1.80427,0.66667,,
933,1.33186,0.70588,,
934,2.24699,0.63158,,
935,2.89115,0.54762,,
936,2.90955,0.57143,,
937,1.86386,0.69444,,
938,2.62768,0.6,,
939,2.88686,0.52381,,
940,2.20656,0.63158,,
941,1.82143,0.66667,,
942,2.85111,0.59524,,
943,2.65841,0.625,,
944,2.55589,0.6,,
945,2.20773,0.63158,,
946,2.53877,0.6,,
947,2.19309,0.63158,,
948,2.6625,0.6,,
949,2.89648,0.57143,,
950,2.5115,0.6,,
951,2.9096,0.57143,,
952,1.75902,0.66667,,
953,1.3892,0.70588,,
954,2.58168,0.6,,
955,2.61198,0.6,,
956,2.22039,0.63158,,
957,2.55993,0.6,,
958,2.21572,0.63158,,
959,2.28559,0.63158,,
960,2.20953,0.63158,,
961,2.86523,0.57143,,
962,2.57153,0.6,,
963,2.54769,0.6,,
964,2.58482,0.6,,
965,2.92746,0.57143,,
966,2.52613,0.6,,
967,2.87668,0.54762,,
968,2.3761,0.63158,,
969,2.17656,0.63158,,
970,2.17338,0.63158,,
971,1.76403,0.66667,,
972,2.93703,0.57143,,
973,2.16182,0.63158,,
974,2.15461,0.63158,,
975,2.55633,0.6,,
976,2.69399,0.6,,
977,3.08558,0.57143,,
978,1.36922,0.73529,,
979,2.88546,0.57143,,
980,2.19272,0.63158,,
981,2.1853,0.63158,,
982,2.13736,0.63158,,
983,2.19906,0.63158,,
984,2.64599,0.6,,
985,2.93994,0.57143,,
986,2.11557,0.65789,,
987,2.84486,0.57143,,
988,1.79596,0.66667,,
989,2.94382,0.57143,,
990,2.59162,0.575,,
991,2.13357,0.63158,,
992,2.58512,0.575,,
993,2.19365,0.68421,,
994,2.63495,0.6,,
995,1.82636,0.66667,,
996,2.65106,0.6,,
997,2.24862,0.65789,,
998,2.20023,0.63158,,
999,1.45562,0.70588,,
1000,2.87249,0.57143,,
1001,2.86149,0.57143,2.90808,0.28571
1002,2.63395,0.6,,
1003,2.58068,0.625,,
1004,2.24215,0.63158,,
1005,2.93195,0.57143,,
1006,2.97433,0.57143,,
1007,3.05921,0.54762,,
1008,2.28102,0.64865,,
1009,2.17728,0.63158,,
1010,2.9283,0.57143,,
1011,1.83183,0.66667,,
1012,2.66269,0.6,,
1013,1.80078,0.66667,,
1014,2.52283,0.6,,
1015,2.60168,0.6,,
1016,2.5885,0.575,,
1017,1.81985,0.72222,,
1018,2.94035,0.57143,,
1019,2.5662,0.6,,
1020,2.62238,0.6,,
1021,1.82406,0.66667,,
1022,2.52282,0.6,,
1023,2.24553,0.63158,,
1024,2.56758,0.6,,
1025,2.1281,0.65789,,
1026,1.82225,0.66667,,
1027,2.20813,0.63158,,
1028,2.52856,0.6,,
1029,2.13664,0.65789,,
1030,2.20682,0.63158,,
1031,2.19472,0.63158,,
1032,2.51019,0.625,,
1033,2.89444,0.57143,,
1034,2.92057,0.52381,,
1035,1.75982,0.69444,,
1036,2.55047,0.625,,
1037,2.94983,0.57143,,
1038,2.91678,0.57143,,
1039,2.54258,0.6,,
1040,2.92921,0.54762,,
1041,2.16397,0.63158,,
1042,2.21037,0.60526,,
1043,2.25571,0.63158,,
1044,2.17971,0.63158,,
1045,2.15517,0.65789,,
1046,2.56123,0.6,,
1047,2.26087,0.63158,,
1048,2.59732,0.6,,
1049,2.56641,0.575,,
1050,2.10797,0.63158,,
1051,2.90191,0.57143,,
1052,2.89969,0.57143,,
1053,2.61329,0.6,,
1054,2.58844,0.6,,
1055,2.24579,0.63158,,
1056,2.58938,0.6,,
1057,2.96836,0.57143,,
1058,1.35098,0.70588,,
1059,2.58538,0.6,,
1060,2.88505,0.54762,,
1061,3.00068,0.57143,,
1062,2.55268,0.6,,
1063,2.99389,0.54762,,
1064,2.5959,0.6,,
1065,2.84012,0.57143,,
1066,2.62032,0.6,,
1067,2.93902,0.57143,,
1068,2.55678,0.6,,
1069,2.65092,0.6,,
1070,1.37308,0.70588,,
1071,2.16109,0.63158,,
1072,2.24121,0.63158,,
1073,2.89813,0.57143,,
1074,2.57215,0.6,,
1075,2.87578,0.57143,,
1076,2.25886,0.63158,,
1077,2.66035,0.6,,
1078,2.91516,0.57143,,
1079,2.87195,0.57143,,
1080,2.56491,0.6,,
1081,2.53674,0.6,,
1082,1.85967,0.66667,,
1083,2.88615,0.57143,,
1084,2.91365,0.57143,,
1085,2.90249,0.57143,,
1086,2.51627,0.6,,
1087,2.33364,0.63158,,
1088,2.55692,0.6,,
1089,2.19951,0.63158,,
1090,2.23096,0.63158,,
1091,2.18,0.63158,,
1092,2.48571,0.625,,
1093,1.35759,0.73529,,
1094,2.25126,0.63158,,
1095,2.56772,0.6,,
1096,2.5419,0.6,,
1097,2.54571,0.6,,
1098,2.15827,0.63158,,
1099,2.87434,0.57143,,
1100,2.23986,0.63158,,
1101,2.53803,0.6,2.54083,0.3
1102,2.19365,0.63158,,
1103,2.55675,0.6,,
1104,2.68609,0.575,,
1105,2.61699,0.6,,
1106,2.6462,0.6,,
1107,1.80532,0.66667,,
1108,2.95467,0.57143,,
1109,2.48997,0.6,,
1110,2.57137,0.6,,
1111,2.2924,0.63158,,
1112,2.19332,0.63158,,
1113,2.17533,0.63158,,
1114,3.03343,0.57143,,
1115,2.15656,0.63158,,
1116,2.60501,0.6,,
1117,2.52162,0.6,,
1118,2.54966,0.6,,
1119,2.51754,0.6,,
1120,2.5832,0.6,,
1121,2.89384,0.57143,,
1122,2.91331,0.57143,,
1123,1.77759,0.66667,,
1124,2.48476,0.6,,
1125,2.89466,0.57143,,
1126,2.23635,0.63158,,
1127,2.926,0.54762,,
1128,2.85022,0.57143,,
1129,3.01019,0.57143,,
1130,2.5943,0.6,,
1131,2.17313,0.63158,,
1132,2.62959,0.6,,
1133,2.57113,0.6,,
1134,2.90399,0.57143,,
1135,2.56911,0.625,,
1136,2.95136,0.57143,,
1137,2.60329,0.625,,
1138,2.26913,0.63158,,
1139,1.85992,0.66667,,
1140,1.84689,0.66667,,
1141,2.92675,0.57143,,
1142,2.57634,0.625,,
1143,2.52857,0.6,,
1144,2.55984,0.6,,
1145,2.85592,0.57143,,
1146,2.929,0.58974,,
1147,2.8556,0.57143,,
1148,2.57724,0.6,,
1149,2.84993,0.57143,,
1150,2.85423,0.57143,,
1151,2.93391,0.57143,,
1152,2.86407,0.57143,,
1153,2.61901,0.6,,
1154,1.49198,0.70588,,
1155,1.94809,0.66667,,
1156,2.26898,0.63158,,
1157,2.89653,0.57143,,
1158,2.94127,0.57143,,
1159,2.56032,0.6,,
1160,2.84988,0.57143,,
1161,2.6421,0.6,,
1162,2.22011,0.63158,,
1163,1.79311,0.66667,,
1164,2.21427,0.63158,,
1165,2.89864,0.57143,,
1166,2.1896,0.63158,,
1167,2.18196,0.63158,,
1168,2.91976,0.57143,,
1169,2.5386,0.6,,
1170,2.53685,0.6,,
1171,2.18744,0.63158,,
1172,2.15955,0.63158,,
1173,2.22766,0.65789,,
1174,2.48606,0.6,,
1175,2.53349,0.575,,
1176,1.8937,0.66667,,
1177,2.5447,0.6,,
1178,2.51877,0.6,,
1179,2.60908,0.575,,
1180,2.20477,0.63158,,
1181,2.44329,0.63158,,
1182,2.93695,0.57143,,
1183,2.64006,0.6,,
1184,1.37464,0.70588,,
1185,2.92916,0.57143,,
1186,2.62663,0.6,,
1187,2.54459,0.6,,
1188,1.75981,0.69444,,
1189,2.19727,0.63158,,
1190,2.5617,0.6,,
1191,2.56783,0.575,,
1192,2.50928,0.6,,
1193,2.53175,0.6,,
1194,2.59023,0.6,,
1195,2.92686,0.57143,,
1196,0.92348,0.75,,
1197,2.55358,0.6,,
1198,2.53324,0.6,,
1199,2.9804,0.57143,,
1200,2.32246,0.63158,,
1201,2.90764,0.57143,2.2204,0.31579
1202,2.55449,0.6,,
1203,1.82819,0.66667,,
1204,2.8629,0.57143,,
1205,2.6293,0.6,,
1206,2.88177,0.57143,,
1207,2.95345,0.57143,,
1208,1.80017,0.66667,,
1209,2.5645,0.6,,
1210,2.90294,0.57143,,
1211,1.81467,0.63889,,
1212,2.15881,0.63158,,
1213,2.19003,0.63158,,
1214,1.84311,0.66667,,
1215,2.90678,0.57143,,
1216,3.01991,0.57143,,
1217,2.83012,0.59524,,
1218,2.92847,0.54762,,
1219,2.53323,0.6,,
1220,2.56701,0.6,,
1221,2.56582,0.6,,
1222,2.94373,0.57143,,
1223,2.5814,0.6,,
1224,2.56156,0.6,,
1225,2.5605,0.6,,
1226,2.50056,0.6,,
1227,2.21418,0.63158,,
1228,2.54817,0.6,,
1229,2.21551,0.60526,,
1230,1.90678,0.66667,,
1231,1.80259,0.66667,,
1232,2.20419,0.63158,,
1233,2.6093,0.6,,
1234,2.47825,0.6,,
1235,2.26096,0.63158,,
1236,2.5127,0.625,,
1237,2.21397,0.65789,,
1238,2.63907,0.6,,
1239,2.51138,0.575,,
1240,2.68743,0.6,,
1241,2.87418,0.54762,,
1242,2.96702,0.57143,,
1243,2.24817,0.63158,,
1244,2.95453,0.57143,,
1245,2.57557,0.6,,
1246,2.66311,0.6,,
1247,2.22215,0.63158,,
1248,2.45116,0.63158,,
1249,2.16678,0.65789,,
1250,2.17627,0.63158,,
1251,2.90431,0.57143,,
1252,2.84489,0.54762,,
1253,2.55728,0.6,,
1254,1.82123,0.69444,,
1255,2.361,0.63158,,
1256,2.89051,0.57143,,
1257,2.56453,0.6,,
1258,2.53091,0.6,,
1259,2.49157,0.625,,
1260,2.8639,0.57143,,
1261,1.83924,0.66667,,
1262,2.17208,0.63158,,
1263,2.16473,0.63158,,
1264,2.15044,0.65789,,
1265,1.83187,0.66667,,
1266,2.26384,0.63158,,
1267,2.16815,0.65789,,
1268,2.90943,0.57143,,
1269,2.52512,0.6,,
1270,2.90405,0.57143,,
1271,2.56332,0.6,,
1272,1.83653,0.66667,,
1273,2.55089,0.6,,
1274,2.96424,0.57143,,
1275,2.54981,0.6,,
1276,2.80602,0.57143,,
1277,2.58889,0.625,,
1278,2.87135,0.57143,,
1279,2.22766,0.65789,,
1280,2.6043,0.6,,
1281,2.61088,0.575,,
1282,2.84287,0.57143,,
1283,1.85722,0.66667,,
1284,2.17437,0.60526,,
1285,2.59614,0.6,,
1286,2.25387,0.63158,,
1287,2.96652,0.57143,,
1288,2.55505,0.6,,
1289,2.22959,0.60526,,
1290,2.5465,0.6,,
1291,2.55841,0.6,,
1292,2.55584,0.625,,
1293,2.57411,0.6,,
1294,2.56496,0.6,,
1295,2.87675,0.57143,,
1296,2.5367,0.6,,
1297,2.88154,0.57143,,
1298,2.22998,0.63158,,
1299,2.57591,0.6,,
1300,2.59309,0.575,,
1301,1.82007,0.66667,2.33128,0.31579
1302,2.53396,0.6,,
1303,2.17014,0.63158,,
1304,2.57251,0.6,,
1305,2.56558,0.6,,
1306,2.14985,0.65789,,
1307,2.49867,0.6,,
1308,2.8688,0.57143,,
1309,2.83501,0.57143,,
1310,2.54398,0.6,,
1311,1.36822,0.73529,,
1312,2.2553,0.63158,,
1313,2.83977,0.54762,,
1314,2.6461,0.6,,
1315,2.87192,0.57143,,
1316,2.24624,0.63158,,
1317,2.53527,0.6,,
1318,2.17842,0.63158,,
1319,2.59329,0.6,,
1320,2.90075,0.57143,,
1321,2.88091,0.57143,,
1322,2.53036,0.625,,
1323,2.53302,0.6,,
1324,2.54722,0.6,,
1325,2.11598,0.63158,,
1326,1.79048,0.66667,,
1327,2.53653,0.6,,
1328,1.76648,0.66667,,
1329,2.55802,0.625,,
1330,2.56315,0.6,,
1331,2.8307,0.59524,,
1332,2.5823,0.6,,
1333,2.5145,0.6,,
1334,2.8484,0.57143,,
1335,1.79899,0.66667,,
1336,2.29295,0.63158,,
1337,2.49445,0.6,,
1338,2.58332,0.575,,
1339,2.25851,0.63158,,
1340,2.15543,0.63158,,
1341,2.25588,0.63158,,
1342,2.2706,0.63158,,
1343,2.94531,0.57143,,
1344,2.26861,0.60526,,
1345,2.90599,0.57143,,
1346,2.17269,0.65789,,
1347,2.92282,0.57143,,
1348,2.55471,0.625,,
1349,2.16075,0.63158,,
1350,2.55575,0.6,,
1351,2.84403,0.57143,,
1352,1.78627,0.69444,,
1353,2.96739,0.54762,,
1354,2.35798,0.63158,,
1355,2.5019,0.575,,
1356,2.58429,0.6,,
1357,2.18554,0.63158,,
1358,2.56007,0.575,,
1359,2.91941,0.57143,,
1360,2.54843,0.6,,
1361,2.90647,0.57143,,
1362,2.78821,0.57143,,
1363,1.73949,0.69444,,
1364,2.53267,0.6,,
1365,1.93299,0.66667,,
1366,2.5341,0.6,,
1367,2.83693,0.57143,,
1368,2.84657,0.57143,,
1369,2.53789,0.6,,
1370,2.3965,0.63158,,
1371,2.58223,0.6,,
1372,2.80171,0.57143,,
1373,2.55776,0.6,,
1374,2.56458,0.625,,
1375,2.48353,0.625,,
1376,2.86076,0.57143,,
1377,2.2621,0.63158,,
1378,1.80189,0.66667,,
1379,2.51692,0.6,,
1380,2.88921,0.57143,,
1381,2.60104,0.625,,
1382,2.60081,0.6,,
1383,2.85438,0.57143,,
1384,2.87798,0.57143,,
1385,2.85575,0.57143,,
1386,2.26755,0.63158,,
1387,2.45991,0.6,,
1388,2.91334,0.59524,,
1389,1.39457,0.70588,,
1390,2.11829,0.63158,,
1391,2.23098,0.63158,,
1392,2.28441,0.63158,,
1393,2.54646,0.6,,
1394,2.56123,0.6,,
1395,2.33929,0.63158,,
1396,2.5825,0.6,,
1397,2.5163,0.6,,
1398,2.86354,0.57143,,
1399,2.5558,0.6,,
1400,1.81346,0.69444,,
1401,2.88722,0.57143,2.85941,0.28571
1402,2.17707,0.63158,,
1403,2.5643,0.6,,
1404,2.56397,0.6,,
1405,2.94841,0.58537,,
1406,2.23541,0.63158,,
1407,2.51416,0.6,,
1408,2.88748,0.57143,,
1409,2.57742,0.6,,
1410,3.00172,0.57143,,
1411,2.18979,0.63158,,
1412,2.82071,0.57143,,
1413,2.51575,0.6,,
1414,1.7961,0.66667,,
1415,1.82945,0.66667,,
1416,2.88341,0.57143,,
1417,2.14283,0.65789,,
1418,2.54265,0.6,,
1419,2.92297,0.57143,,
1420,2.45197,0.625,,
1421,2.54596,0.6,,
1422,2.64072,0.6,,
1423,2.89034,0.54762,,
1424,2.90197,0.57143,,
1425,2.27953,0.63158,,
1426,2.57237,0.6,,
1427,1.82352,0.66667,,
1428,2.18593,0.63158,,
1429,2.51734,0.6,,
1430,2.6007,0.6,,
1431,2.6056,0.6,,
1432,2.89214,0.57143,,
1433,2.49341,0.575,,
1434,2.59316,0.6,,
1435,2.87763,0.57143,,
1436,0.81528,0.75,,
1437,2.53102,0.6,,
1438,2.58113,0.6,,
1439,2.14528,0.60526,,
1440,2.53341,0.6,,
1441,2.83464,0.57143,,
1442,2.14712,0.63158,,
1443,2.56556,0.6,,
1444,2.11389,0.63158,,
1445,2.48927,0.6,,
1446,1.73564,0.66667,,
1447,2.52079,0.6,,
1448,2.52782,0.6,,
1449,2.87284,0.57143,,
1450,2.19544,0.63158,,
1451,2.55235,0.6,,
1452,2.5872,0.6,,
1453,2.20077,0.65789,,
1454,2.98261,0.57143,,
1455,3.00992,0.57143,,
1456,2.60445,0.6,,
1457,2.15545,0.63158,,
1458,2.55331,0.6,,
1459,2.53577,0.6,,
1460,2.88263,0.57143,,
1461,2.68374,0.6,,
1462,2.7224,0.6,,
1463,2.6212,0.6,,
1464,2.48302,0.625,,
1465,2.19693,0.63158,,
1466,2.20859,0.63158,,
1467,2.16773,0.63158,,
1468,1.25631,0.73529,,
1469,2.60076,0.6,,
1470,2.19412,0.65789,,
1471,2.56474,0.6,,
1472,2.9417,0.57143,,
1473,2.55503,0.6,,
1474,2.84614,0.57143,,
1475,2.51732,0.6,,
1476,2.87179,0.57143,,
1477,2.9385,0.57143,,
1478,2.90387,0.57143,,
1479,2.94374,0.57143,,
1480,2.59123,0.6,,
1481,2.17823,0.63158,,
1482,2.95828,0.57143,,
1483,2.65793,0.575,,
1484,1.41721,0.70588,,
1485,1.78157,0.66667,,
1486,2.94732,0.57143,,
1487,2.84785,0.57143,,
1488,2.63602,0.6,,
1489,2.92272,0.57143,,
1490,2.85606,0.57143,,
1491,2.56024,0.6,,
1492,1.80247,0.69444,,
1493,2.19843,0.63158,,
1494,2.5453,0.6,,
1495,2.60824,0.6,,
1496,2.55021,0.6,,
1497,2.56886,0.6,,
1498,2.90084,0.59524,,
1499,2.14327,0.63158,,
1500,1.73672,0.66667,,
1501,2.55251,0.575,2.1667,0.31579
1502,2.85522,0.57143,,
1503,2.94124,0.57143,,
1504,2.13997,0.63158,,
1505,2.90144,0.57143,,
1506,2.62989,0.6,,
1507,2.56749,0.6,,
1508,2.87143,0.57143,,
1509,2.82664,0.57143,,
1510,2.68107,0.6,,
1511,2.86279,0.57143,,
1512,2.55804,0.6,,
1513,2.27073,0.60526,,
1514,2.97399,0.58974,,
1515,2.52139,0.625,,
1516,2.98566,0.57143,,
1517,2.21803,0.63158,,
1518,2.54781,0.625,,
1519,2.9288,0.57143,,
1520,2.53114,0.6,,
1521,2.52744,0.6,,
1522,2.20809,0.63158,,
1523,2.13129,0.65789,,
1524,2.54404,0.6,,
1525,2.49834,0.6,,
1526,2.5627,0.6,,
1527,2.89226,0.57143,,
1528,2.61211,0.6,,
1529,2.18281,0.60526,,
1530,1.90926,0.66667,,
1531,2.51162,0.6,,
1532,1.82629,0.66667,,
1533,2.58066,0.6,,
1534,2.50467,0.6,,
1535,2.58828,0.6,,
1536,2.85299,0.57143,,
1537,2.53189,0.6,,
1538,1.84617,0.66667,,
1539,2.89951,0.54762,,
1540,2.19034,0.63158,,
1541,2.55691,0.6,,
1542,2.58739,0.6,,
1543,2.83849,0.57143,,
1544,2.24497,0.60526,,
1545,2.56283,0.6,,
1546,2.81295,0.57143,,
1547,2.6172,0.6,,
1548,2.90324,0.57143,,
1549,2.53946,0.625,,
1550,2.877,0.57143,,
1551,2.58085,0.6,,
1552,2.53646,0.6,,
1553,2.21856,0.65789,,
1554,2.50295,0.6,,
1555,2.90939,0.57143,,
1556,2.17491,0.65789,,
1557,2.6209,0.6,,
1558,2.93389,0.57143,,
1559,2.19474,0.63158,,
1560,0.96088,0.75,,
1561,2.55821,0.6,,
1562,2.88377,0.57143,,
1563,2.60732,0.6,,
1564,2.47441,0.6,,
1565,2.85333,0.57143,,
1566,2.15321,0.63158,,
1567,2.58564,0.6,,
1568,2.49841,0.6,,
1569,1.75721,0.69444,,
1570,1.89769,0.66667,,
1571,2.83359,0.57143,,
1572,2.6179,0.6,,
1573,2.6266,0.6,,
1574,2.57173,0.6,,
1575,2.54484,0.6,,
1576,2.60024,0.6,,
1577,2.14261,0.63158,,
1578,2.56563,0.6,,
1579,2.4922,0.6,,
1580,2.56265,0.6,,
1581,2.22008,0.63158,,
1582,2.19041,0.63158,,
1583,2.22253,0.65789,,
1584,2.55402,0.6,,
1585,2.87558,0.57143,,
1586,2.86957,0.57143,,
1587,2.55232,0.6,,
1588,2.20633,0.63158,,
1589,2.21417,0.63158,,
1590,2.83483,0.57143,,
1591,2.62813,0.6,,
1592,2.27766,0.63158,,
1593,2.85653,0.57143,,
1594,2.64067,0.6,,
1595,2.54848,0.6,,
1596,2.83225,0.57143,,
1597,3.04442,0.57143,,
1598,1.37719,0.70588,,
1599,2.99534,0.57143,,
1600,3.121,0.57143,,
1601,2.53791,0.6,2.57168,0.3
1602,2.57152,0.6,,
1603,2.62508,0.6,,
1604,2.86261,0.54762,,
